id,name,is_active,level,order,objective_id,
1,"Comenta experiencias personales en las que ha experimentado emociones y sentimientos, tales como, amor, miedo, tristeza, alegría o ira.",1,NT 1,1,1,
2,"Comenta las sensaciones que experimenta corporalmente cuando siente amor, miedo, tristeza, alegría o ira.",1,NT 1,2,1,
3,Señala (indica o nombra) la emoción o sentimiento que le provocan diversas narraciones o situaciones observadas.,1,NT 1,3,1,
4,"Representa a través de distintos lenguajes (modela, dibuja, baila, dramatiza o utiliza instrumentos musicales), emociones o sentimientos que le provocan diversas narraciones o situaciones observadas.",1,NT 1,4,1,
5,Describe la emoción o sentimiento que le provocan diversas narraciones o situaciones observadas.,1,NT 2,5,1,
6,"Explica por qué ha sentido miedo, alegría, tristeza, amor o ira frente a diversas narraciones o situaciones observadas.",1,NT 2,6,1,
7,Utiliza vocabulario preciso para denominar emociones o sentimientos que le provocan diversas narraciones o situaciones observadas.,1,NT 2,7,1,
8,Participa en juegos o actividades junto a algunos adultos o pares que no son de su grupo o curso.,1,NT 1,8,2,
9,"Pide ayuda a algunos adultos o pares que no son parte de su grupo o curso, cuando lo necesita.",1,NT 1,9,2,
10,Pide participar en juegos junto a algunos adultos o pares que no son parte del grupo o curso.,1,NT 2,10,2,
11,"Invita a algunos adultos o pares que no son parte de su grupo o curso, a participar de actividades o juegos organizados por sí mismo o su grupo.",1,NT 2,11,2,
12,"Señala (indica o nombra) emociones o sentimientos en otros, a partir de narraciones o situaciones observadas.",1,NT 1,12,3,
13,"Representa a través de distintos lenguajes (modela, dibuja, baila, dramatiza o utiliza instrumentos musicales) emociones o sentimientos experimentados por otros, a partir de narraciones o situaciones observadas.",1,NT 1,13,3,
14,"Explica por qué otra persona o personaje pudo sentir determinada emoción o sentimiento, a partir de narraciones o situaciones observadas.",1,NT 2,14,3,
15,"Formula preguntas sobre lo que sienten otros, a partir de narraciones o situaciones observadas.",1,NT 2,15,3,
16,Señala (indica o nombra) distintas formas de expresar una misma emoción.,1,NT 1,16,4,
17,"Utiliza, con mediación del adulto, algunas estrategias para regular sus emociones o sentimientos.",1,NT 1,17,4,
18,"Describe qué formas de expresión son más pertinentes, dependiendo de las necesidades propias y de los demás.",1,NT 2,18,4,
19,Explica de qué manera sus reacciones pueden afectar a otros.,1,NT 2,19,4,
20,"Utiliza, de manera autónoma, algunas estrategias para regular sus emociones o sentimientos.",1,NT 2,20,4,
21,"Plantea preferencias, opiniones e ideas, por iniciativa propia, en diversas situaciones cotidianas y juegos.",1,NT 1,21,5,
22,"Representa sus preferencias, opiniones e ideas a través de distintas formas de expresión (corporal, gráfica, plástica, verbal, musical) en diversas situaciones cotidianas o juegos.",1,NT 1,22,5,
23,"Propone ideas (materiales, actividades, proyectos u otros) para desarrollar en diversas situaciones cotidianas o juegos.",1,NT 2,23,5,
24,"Explica sus preferencias, opiniones e ideas en diversas situaciones cotidianas o juegos.",1,NT 2,24,5,
25,"Propone actividades o acciones para realizar juegos o proyectos, de acuerdo con sus intereses.",1,NT 1,25,6,
26,Señala (indica o nombra) los recursos que va a necesitar para realizar un juego o proyecto de su interés.,1,NT 1,26,6,
27,Define los pasos que deberá seguir para llevar a cabo un juego o proyecto de su interés.,1,NT 1,27,6,
28,Ejecuta los pasos definidos al realizar un juego o proyecto de su interés.,1,NT 2,28,6,
29,"Explica el proceso realizado en un juego o proyecto de su interés, identificando determinadas acciones que dificultaron su realización.",1,NT 2,29,6,
30,Explica por qué determinados pasos o acciones realizadas favorecieron o no su juego o proyecto.,1,NT 2,30,6,
31,"Señala (indica o nombra) el rol que asume dentro de su familia (hijo/a, hermano/a, nieto/a, entre otros) y de su comunidad (vecino/a, amigo/a, estudiante, entre otros) en situaciones cotidianas.",1,NT 1,31,7,
32,Describe algunas de sus cualidades personales en situaciones cotidianas.,1,NT 1,32,7,
33,"Describe las características y cualidades de personas significativas, de su familia y comunidad, mencionando aquellas con las que se identifica.",1,NT 2,33,7,
34,"Explica por qué algunas de sus características físicas y cualidades personales le agradan, reconociendo que estas lo hacen un ser único.",1,NT 2,34,7,
35,Señala (identifica o nombra) sus gustos y preferencias.,1,NT 1,35,8,
36,Describe los logros que ha alcanzado en situaciones cotidianas y juegos.,1,NT 1,36,8,
37,Describe algunas habilidades que le son más difíciles de realizar o que no le agradan.,1,NT 1,37,8,
38,Se plantea nuevos desafíos en función de sus logros y necesidades.,1,NT 2,38,8,
39,Explica la relación entre sus habilidades y los logros alcanzados.,1,NT 2,39,8,
40,"Realiza prácticas de higiene, alimentación y vestuario, ante la sugerencia del adulto en situaciones cotidianas y juegos.",1,NT 1,40,9,
41,"Describe acciones relacionadas con la higiene, alimentación y el vestuario en situaciones cotidianas y juegos.",1,NT 1,41,9,
42,"Explica la relación entre las prácticas de higiene, alimentación, vestuario y su bienestar personal.",1,NT 2,42,9,
43,"Realiza prácticas de higiene, alimentación y vestuario, por iniciativa propia, de manera autónoma.",1,NT 2,43,9,
44,Describe las acciones que le ayudaron a lograr sus objetivos en un juego o situación cotidiana.,1,NT 1,44,10,
45,Explica cómo superó las dificultades que enfrentó para alcanzar sus objetivos en sus juegos o situaciones cotidianas.,1,NT 1,45,10,
46,Explica por qué algunas de las acciones realizadas le permitieron alcanzar los desafíos propuestos y por qué otras no.,1,NT 2,46,10,
47,Define nuevas metas a partir de los desafíos alcanzados en sus juegos o situaciones cotidianas.,1,NT 2,47,10,
48,"Nombra las condiciones que deben tener los alimentos para ser consumidos (frescura, limpieza, etc.) en situaciones cotidianas y juegos.",1,NT 1,48,11,
49,Relaciona parámetros como el etiquetado de sellos con la proporción en que pueden ser consumidos algunos alimentos.,1,NT 1,49,11,
50,Explica por qué algunos alimentos se deben comer en mayor o menor proporción.,1,NT 2,50,11,
51,"Explica la función que cumplen algunos parámetros para la regulación de alimentos, tales como el etiquetado de sellos o las fechas de vencimiento, entre otros.",1,NT 2,51,11,
52,Señala (indica y nombra) las acciones que podría realizar para alcanzar la meta de sus juegos o proyectos.,1,NT 1,52,12,
53,Explica por qué algunas de las acciones que anticipa son de utilidad para alcanzar la meta de sus juegos o proyectos.,1,NT 1,53,12,
54,"Anticipa las dificultades u obstáculos que se podrían presentar al participar en juegos, proyectos o desafíos.",1,NT 2,54,12,
55,"Propone soluciones frente a dificultades u obstáculos que se podrían presentar al participar en juegos, proyectos o desafíos.",1,NT 2,55,12,
56,"Interpreta diversos personajes (personas, animales, seres fantásticos u otros) en situaciones cotidianas y juegos.",1,NT 1,56,13,
57,"Interpreta junto a otros diversos roles, recreando situaciones de la vida en comunidad (familia, hospital, escuela, etc.).",1,NT 1,57,13,
58,"Dramatiza situaciones, asumiendo una personificación o creando diálogos en situaciones cotidianas y juegos.",1,NT 2,58,13,
59,"Explica por qué representó de una determinada manera los objetos, personas o situaciones.",1,NT 2,59,13,
60,Se integra espontáneamente en juegos grupales.,1,NT 1,60,14,
61,Invita a otros a participar de sus juegos.,1,NT 1,61,14,
62,Respeta normas acordadas para la realización de actividades y juegos colaborativos.,1,NT 1,62,14,
63,Propone juegos o actividades para realizar con otros en forma espontánea.,1,NT 1,63,14,
64,Establece normas en consenso con otros para realizar actividades o juegos.,1,NT 1,64,14,
65,Acepta propuestas de otros para lograr propósitos comunes en actividades o juegos colaborativos en los que participa.,1,NT 2,65,14,
66,Explica instrucciones para realizar diversas actividades o juegos colaborativos.,1,NT 2,66,14,
67,Propone estrategias para lograr el propósito definido para actividades o juegos colaborativos en los que participa.,1,NT 2,67,14,
68,Cumple los roles o tareas comprometidas en actividades o juegos colaborativos en los que participa.,1,NT 2,68,14,1
69,Describe las acciones solidarias en las que participa junto a su familia y comunidad.,1,NT 1,69,15,
70,"Describe la importancia de realizar actividades solidarias que integren a las familias, la comunidad educativa y local.",1,NT 1,70,15,
71,Asume y cumple tareas comprometidas en una actividad solidaria.,1,NT 2,71,15,
72,"Propone acciones solidarias, junto a su grupo o curso, en situaciones concretas.",1,NT 2,72,15,
73,"Describe diversas manifestaciones de cuidado, protección y/o ayuda que ha experimentado en su entorno familiar o en su comunidad.",1,NT 1,73,16,
74,Comparte con otros materiales y pertenencias en distintas situaciones cotidianas.,1,NT 1,74,16,
75,Pregunta por los sentimientos y necesidades de otros en distintas situaciones.,1,NT 1,75,16,
76,Utiliza formas de buen trato al relacionarse con adultos y pares.,1,NT 1,76,16,
77,"Ayuda y colabora con otros, de forma espontánea, en juegos o actividades cotidianas.",1,NT 1,77,16,
78,Propone diversas formas para expresar preocupación y ayudar a otros.,1,NT 2,78,16,
79,Anticipa cómo se podría sentir otra persona o la necesidad de apoyo que requiere en diversas situaciones.,1,NT 2,79,16,
80,"Presta atención a otros, realizando contacto visual, demostrando interés por su relato (preguntando, comentando).",1,NT 2,80,16,
81,Expresa a través de gestos y palabras su alegría o satisfacción por las cualidades y logros de sus pares.,1,NT 2,81,16,
82,Utiliza palabras o gestos de empatía con otros de acuerdo con las distintas necesidades o situaciones.,1,NT 2,82,16,
83,Nombra algunas tradiciones o celebraciones que desarrolla con su familia.,1,NT 1,83,17,
84,Describe la importancia que tienen para su familia algunas tradiciones o celebraciones en las que participan.,1,NT 1,84,17,
85,Describe fiestas y tradiciones culturales que se desarrollan en su comunidad.,1,NT 2,85,17,
86,Explica el significado que tienen para su comunidad algunas tradiciones o celebraciones que se desarrollan en ella.,1,NT 2,86,17,
87,Explica por qué le agradan algunas tradiciones o celebraciones propias de su familia y comunidad.,1,NT 2,87,17,
88,Señala (indica o nombra) el conflicto al que se enfrenta.,1,NT 1,88,18,
89,Señala (indica o nombra) qué acciones son pacíficas y cuáles no al enfrentarse a un conflicto.,1,NT 1,89,18,
90,"Ejecuta acciones pacíficas para resolver un conflicto con sus pares, a partir de la mediación del adulto.",1,NT 1,90,18,
91,Describe distintas acciones que puede ejecutar para resolver un conflicto cotidiano con otros niños.,1,NT 1,91,18,
92,"Pide ayuda para resolver pacíficamente un conflicto cotidiano con otros niños, cuando siente que lo requiere.",1,NT 2,92,18,
93,Propone soluciones pacíficas para resolver un conflicto cotidiano con otros niños.,1,NT 2,93,18,
94,"Realiza, de manera espontánea, acciones pacíficas para resolver un conflicto cotidiano con otros niños.",1,NT 2,94,18,
95,"Colabora con sus pares, buscando acuerdos y soluciones pacíficas para resolver un conflicto cotidiano.",1,NT 2,95,18,
96,Describe algunas normas establecidas en su familia y comunidad.,1,NT 1,96,19,
97,Señala (indica o nombra) las normas establecidas para su grupo o curso.,1,NT 1,97,19,
98,"Explica para qué sirve establecer normas y acuerdos, para el bienestar del grupo.",1,NT 1,98,19,
99,"Cumple algunas normas establecidas por otros, en juegos y situaciones cotidianas.",1,NT 1,99,19,
100,"Propone normas para el bienestar del grupo, en situaciones cotidianas y juegos.",1,NT 2,100,19,
101,"Establece acuerdos para crear normas con pares y adultos, en beneficio del grupo, en situaciones cotidianas y juegos.",1,NT 2,101,19,
102,"Cumple las normas creadas colaborativamente con pares y adultos, para el bienestar del grupo.",1,NT 2,102,19,
103,"Describe comportamientos y situaciones de riesgo que pueden atentar contra su bienestar y seguridad, o la de los demás, en contextos cotidianos o juegos.",1,NT 1,103,20,
104,"Explica por qué algunas acciones pueden atentar contra su bienestar y seguridad, o la de los demás, en contextos cotidianos o juegos.",1,NT 1,104,20,
105,"Propone algunas acciones de protección para enfrentar comportamientos y situaciones de riesgo, en contextos cotidianos o juegos.",1,NT 2,105,20,
106,"Explica la relación entre algunos comportamientos y las situaciones de riesgo que pueden atentar contra su bienestar y seguridad, o la de los demás, en distintos contextos.",1,NT 2,106,20,
107,"Advierte sobre objetos, situaciones o comportamientos que pueden afectar su seguridad y bienestar, o la de su grupo o curso.",1,NT 2,107,20,
108,"Comenta los aportes que realiza, al participar en juegos o proyectos colaborativos.",1,NT 1,108,21,
109,"Describe lo que sucede si no cumple con una acción comprometida, en juegos o proyectos colaborativos.",1,NT 1,109,21,
110,Propone acciones a realizar para aportar en un juego o proyecto colectivo.,1,NT 2,110,21,
111,Anticipa cómo pueden influir sus acciones en el desarrollo de juegos o proyectos colaborativos.,1,NT 2,111,21,
112,Explica cómo influyeron sus acciones en el desarrollo de juegos o proyectos colaborativos.,1,NT 2,112,21,
113,"Da su opinión frente a diversos temas de su interés, en situaciones cotidianas y juegos.",1,NT 1,113,22,
114,"Participa en conversaciones, escuchando y opinando respetuosamente a otros, en distintas situaciones.",1,NT 1,114,22,
115,Expresa a través de gestos y palabras cómo se siente al dar su opinión.,1,NT 1,115,22,
116,"Establece consensos dialogando para llevar a cabo juegos, actividades o proyectos de su interés.",1,NT 2,116,22,
117,Expresa a través de gestos y palabras lo que siente al ser escuchado y cuando su opinión es tomada en cuenta.,1,NT 2,117,22,
118,"Explica por qué es importante expresarse libremente, ser escuchado y que su opinión sea considerada.",1,NT 2,118,22,
119,"Practica algunas normas de convivencia democrática (escucha de opiniones divergentes, el respeto por los demás, los turnos, los acuerdos de la mayoría) ante la sugerencia de un adulto o par.",1,NT 1,119,23,
120,"Acepta las decisiones de la mayoría, participando en juegos o actividades acordadas grupalmente.",1,NT 1,120,23,
121,"Explica la importancia de respetar los acuerdos de las mayorías, en situaciones cotidianas y juegos.",1,NT 2,121,23,
122,"Respeta turnos de manera espontánea, en juegos y actividades cotidianas.",1,NT 2,122,23,
123,Describe características de las personas de su comunidad en cuanto a sus virtudes y cualidades.,1,NT 1,123,24,
124,"Comenta lo que le llama la atención acerca de la diversidad de las personas de su comunidad y sus formas de vida, vinculadas con: sus características físicas, lengua, género, costumbres, entre otras.",1,NT 1,124,24,
125,"Muestra interés (formula preguntas, investiga en distintas fuentes) por conocer sobre la diversidad de las personas y sus formas de vida, vinculadas con: características físicas, lengua, género, costumbres, entre otras.",1,NT 2,125,24,
126,"Compara su forma de vida y la de otros, mencionando semejanzas y diferencias, vinculadas con características físicas, lengua, género, costumbres, entre otras.",1,NT 2,126,24,
127,Explica el aporte que tiene para su vida interactuar con diversas personas en distintas situaciones.,1,NT 2,127,24,
128,Describe qué acciones realiza junto a su familia para el cuidado de su cuerpo.,1,NT 1,128,25,
129,"Explica los beneficios de practicar acciones de autocuidado de su cuerpo, en situaciones cotidianas y juegos.",1,NT 1,129,25,
130,"Ejecuta acciones para el bienestar y cuidado de su cuerpo (tomar suficiente agua, usar bloqueador solar, usar cinturón de seguridad; tiempos para comer, descansar, jugar y realizar actividad motriz, entre otras), ante la sugerencia de un adulto o par.",1,NT 1,130,25,
131,"Explica por qué algunas acciones pueden favorecer o perjudicar el cuidado de su cuerpo (protegerse/ exponerse al sol, realizar/no realizar ejercicios, entre otras).",1,NT 2,131,25,
132,"Realiza acciones para cuidar su cuerpo que le producen bienestar y placer, en situaciones cotidianas, de manera espontánea.",1,NT 2,132,25,
133,"Describe sus características corporales, mencionando las que más le agradan de sí mismo.",1,NT 1,133,26,
134,"Señala (indica o nombra) diversas acciones que puede realizar para cuidar su bienestar y apariencia personal (por ejemplo, bañarse, lavarse el pelo, cepillarse los dientes, etc.).",1,NT 1,134,26,
135,"Realiza acciones para cuidar su apariencia personal, ante la sugerencia de un adulto.",1,NT 1,135,26,
136,"Describe semejanzas y diferencias entre sus características y las de sus pares, reconociendo cuáles de ellas lo hacen único.",1,NT 2,136,26,
137,Explica por qué es importante cuidar su cuerpo y su apariencia personal.,1,NT 2,137,26,
138,"Realiza acciones para cuidar su apariencia personal, de manera espontánea.",1,NT 2,138,26,
139,"Señala (indica o nombra) partes más específicas de su cuerpo (por ejemplo, caderas, codos, muñecas, tobillos, talón) y su funcionalidad, en situaciones cotidianas y juegos.",1,NT 1,139,27,
140,"Describe los cambios que ocurren en su cuerpo durante distintas posturas y movimientos, en juegos y actividades motrices.",1,NT 1,140,27,
141,"Señala (indica o nombra) la ubicación y funcionalidad de algunos órganos internos, tales como corazón, pulmones, cerebro, aparato digestivo, entre otros.",1,NT 2,141,27,
142,"Relaciona algunos cambios en su organismo frente a actividades motrices de mayor exigencia (por ejemplo, incremento de los latidos del corazón, ritmo de la respiración, sudoración, entre otros), en situaciones cotidianas y juegos.",1,NT 2,142,27,
143,"Describe con qué lado de su cuerpo se siente más cómodo para realizar diversas acciones, tales como saltar en un pie, dibujar o pintar, mover brazos o piernas, entre otras.",1,NT 2,143,27,
144,"Describe las nuevas acciones que puede realizar con su cuerpo, en situaciones cotidianas y juegos.",1,NT 1,144,28,
145,"Relaciona algunas acciones realizadas con su cuerpo, con objetivos que quiere alcanzar (saltar para esquivar un objeto, correr para llegar más rápido a un lugar, entre otras).",1,NT 1,145,28,
146,"Describe nuevas posibilidades de acción que ha descubierto a partir de movimientos y posturas corporales, incorporando un vocabulario preciso (girar las muñecas, reptar, entre otros).",1,NT 2,146,28,
147,Explica las acciones que debe realizar para ejecutar diversos movimientos y posturas con su cuerpo.,1,NT 2,147,28,
148,"Expresa a través de gestos y palabras lo que siente al ejecutar distintos tipos de movimientos, posturas y desplazamientos, incorporando algunos implementos.",1,NT 1,148,29,
149,"Comenta qué tipos de movimientos, posturas o desplazamientos prefiere realizar.",1,NT 1,149,29,
150,"Describe lo que siente al realizar movimientos, posturas y desplazamientos, comparando las sensaciones que experimenta al utilizar y no utilizar implementos.",1,NT 2,150,29,
151,"Explica de qué manera realizar diversos movimientos, posturas y desplazamientos, en forma habitual, que benefician su bienestar.",1,NT 2,151,29,
152,"Regula sus movimientos motrices finos al ejecutar libremente acciones como rasgar, arrugar papel, amasar, entre otros.",1,NT 1,152,30,
153,"Utiliza algunos instrumentos como lápices, pinceles, pinzas, entre otros, regulando la presión que ejerce sobre ellos.",1,NT 1,153,30,
154,"Realiza movimientos motrices finos cada vez más precisos y eficientes al dibujar libremente, colorear o rellenar dentro de algunos espacios sus propias creaciones, recortar líneas rectas, atornillar, plegados simples, entre otros.",1,NT 1,154,30,
155,"Utiliza, de manera autónoma y correcta, instrumentos punzantes o cortantes, que dejan marcas, entre otros, que le permitan realizar acciones como troquelar, recortar, bordar, pegar, dibujar, colorear, escribir, en función de sus intereses y juegos.",1,NT 2,155,30,
156,"Combina, de forma autónoma y correcta, movimientos motrices finos que le permiten rasgar, plegar, construir, modelar, troquelar, recortar, bordar, pegar, dibujar, colorear, ensartar, trazar, escribir, entre otras, incorporando líneas curvas y mixtas, figuras más pequeñas, entre otros, de acuerdo con sus intereses y juegos.",1,NT 2,156,30,
157,"Mantiene el equilibrio al desplazarse siguiendo líneas rectas, curvas, zigzag o laberintos, en juegos o situaciones cotidianas.",1,NT 1,157,31,
158,"Mantiene la coordinación entre ojos y manos al enfrentar algunos desafíos en sus juegos o actividades cotidianas; por ejemplo, trasladar un vaso con agua sin derramarlo o lanzar y recibir una pelota con las manos.",1,NT 1,158,31,
159,"Mantiene la coordinación entre ojos y pies al enfrentar algunos desafíos en sus juegos o actividades cotidianas; por ejemplo, intentar detener con el pie un objeto que rueda por el suelo, patear una pelota, saltar un obstáculo, entre otros.",1,NT 1,159,31,
160,"Mantiene el equilibrio cuando cambia de dirección (hacia adelante, hacia atrás y de costado) al caminar, saltar y correr.",1,NT 2,160,31,
161,"Mantiene el equilibrio al combinar distintos movimientos, posturas y desplazamientos; por ejemplo, al bailar con cintas siguiendo el ritmo de la música, al correr y patear una pelota, saltar mientras lanzan una pelota, caminar o correr trasladando algún objeto, entre otros.",1,NT 2,161,31,
162,"Mantiene el equilibrio al adoptar posturas durante juegos y actividades cotidianas; por ejemplo, pararse en un pie, pararse en punta de pies, etc.",1,NT 2,162,31,
163,"Empuja y mueve objetos e implementos con ayuda de otros, en situaciones cotidianas o juegos.",1,NT 1,163,32,
164,"Controla la fuerza necesaria para realizar acciones específicas: arrastrar una caja, lanzar una pelota con diferentes intensidades, patear una pelota hacia un objetivo, empujar objetos en un plano inclinado, entre otros.",1,NT 1,164,32,
165,"Empuja y mueve objetos e implementos de un lugar a otro de manera individual, en situaciones cotidianas o juegos.",1,NT 2,165,32,
166,"Ejecuta posturas y movimientos necesarios para lograr objetivos específicos como trepar sogas o escaleras, tirar la cuerda, entre otros.",1,NT 2,166,32,
167,Señala nociones temporales como antes/durante/después en situaciones cotidianas y lúdicas.,1,NT 1,167,33,
168,"Realiza movimientos, posturas y desplazamientos siguiendo instrucciones que involucran nociones espaciales como adelante/atrás/al lado/entre, usando su cuerpo como referencia, en situaciones cotidianas y lúdicas.",1,NT 1,168,33,
169,"Usa conceptos temporales como día/noche, hoy/mañana, antes/durante/después en sus descripciones y relatos durante situaciones cotidianas y juegos.",1,NT 1,169,33,
170,"Usa conceptos espaciales como adelante/atrás/al lado/entre, teniendo como referencia la posición de su cuerpo en sus descripciones y relatos, durante situaciones cotidianas y juegos.",1,NT 2,170,33,
171,"Usa conceptos espaciales como adelante/atrás/al lado/entre, teniendo como referencia la posición de los demás o de objetos, en sus descripciones y relatos, durante situaciones cotidianas y juegos.",1,NT 2,171,33,
172,"Usa conceptos y nominaciones temporales como día/noche, hoy/mañana, antes/durante/después en sus descripciones y relatos durante situaciones cotidianas y juegos.",1,NT 2,172,33,
173,"Utiliza oraciones completas al hablar; por ejemplo: “María toca muy lindo el piano”, “El perro del vecino ladra mucho”.",1,NT 1,173,34,
174,Pronuncia correctamente palabras sencillas.,1,NT 1,174,34,
175,Utiliza en sus oraciones concordancia de género y de número.,1,NT 1,175,34,
176,Utiliza tiempos verbales presente y pasado en forma pertinente al hablar.,1,NT 1,176,34,
177,"Utiliza expresiones verbales, no verbales y paraverbales coherentes con su intención comunicativa.",1,NT 1,177,34,
178,"Utiliza oraciones completas afirmativas, exclamativas e interrogativas, y las complementa con expresiones verbales, no verbales y paraverbales coherentes con su intención comunicativa.",1,NT 2,178,34,
179,Utiliza oraciones completas con sentido y concordancia de género y de número.,1,NT 2,179,34,
180,"Pronuncia correctamente palabras que incluyen algunos grupos consonánticos; por ejemplo: “brazo”, “claro”, “globo”.",1,NT 2,180,34,
181,"Utiliza tiempos verbales presente, pasado, condicional y futuro en forma pertinente al hablar.",1,NT 2,181,34,
182,Repite y sigue instrucciones simples (una a la vez) en juegos y situaciones cotidianas.,1,NT 1,182,35,
183,Relaciona explicaciones y relatos escuchados con sus experiencias previas.,1,NT 1,183,35,
184,"Nombra algunos conceptos abstractos, tales como emociones o sentimientos, a partir de textos orales.",1,NT 1,184,35,
185,Responde preguntas explícitas a partir de un relato o explicación.,1,NT 1,185,35,
186,"Señala la intención comunicativa que tienen algunos textos orales (por ejemplo, interrogar, informar, entretener, entre otros).",1,NT 1,186,35,
187,"Parafrasea y sigue instrucciones complejas (más de una a la vez), en juegos y situaciones cotidianas.",1,NT 2,187,35,
188,Explica la relación entre sus experiencias previas y lo que escucha.,1,NT 2,188,35,
189,Explica algunos conceptos abstractos a partir de textos orales.,1,NT 2,189,35,
190,Responde preguntas que involucran contenidos implícitos a partir de un relato o explicación.,1,NT 2,190,35,
191,"Explica la intención comunicativa de algunos textos orales (por ejemplo, interrogar, informar, entretener, entre otros).",1,NT 2,191,35,
192,"Identifica (aplaudiendo, nombrando, utilizando material concreto) las palabras que componen una oración, en situaciones lúdicas.",1,NT 1,192,36,
193,"Cuenta las palabras que componen una oración, en situaciones lúdicas.",1,NT 1,193,36,
194,"Identifica (nombrando o pareando) palabras que riman, a partir de juegos verbales, canciones y textos escuchados.",1,NT 1,194,36,
195,"Separa (apuntando, aplaudiendo, graficando, nombrando, utilizando material concreto) las sílabas de las palabras, en situaciones de juego.",1,NT 1,195,36,
196,"Cuenta las sílabas que componen una palabra, a partir de canciones y juegos verbales.",1,NT 1,196,36,
197,Relaciona (nombrando o pareando) palabras que tienen la misma sílaba final.,1,NT 1,197,36,
198,"Identifica (aplaudiendo, nombrando, utilizando material concreto) la sílaba inicial de palabras significativas.",1,NT 2,198,36,
199,Relaciona (nombrando o pareando) palabras que tienen la misma sílaba inicial.,1,NT 2,199,36,
200,"Compone palabras sencillas al unir sílabas, en contextos lúdicos.",1,NT 2,200,36,
201,"Separa (apuntando, aplaudiendo, graficando, nombrando, entre otros) las sílabas en fonemas (sonidos).",1,NT 2,201,36,
202,"Dice el fonema inicial y final de una palabra, a partir de canciones y juegos verbales.",1,NT 2,202,36,
203,Pregunta el significado de palabras que no conoce.,1,NT 1,203,37,
204,"Expresa (indica, dibuja, expresa con el cuerpo) el significado que corresponde a una palabra nueva.",1,NT 1,204,37,
205,Reconoce (indica o nombra) sinónimos de una palabra nueva.,1,NT 1,205,37,
206,Utiliza nuevas palabras al crear oraciones.,1,NT 1,206,37,
207,Utiliza sinónimos para definir una palabra nueva.,1,NT 2,207,37,
208,Explica el significado de una palabra nueva.,1,NT 2,208,37,
209,"Utiliza nuevas palabras y conceptos precisos al presentar temas de su interés, en distintas situaciones comunicativas.",1,NT 2,209,37,
210,"Manipula textos escritos de manera cuidadosa (comenta lo que ve, da vuelta las páginas, siente las texturas, etc.).",1,NT 1,210,38,
211,Formula preguntas sobre el contenido de diferentes textos escritos que observa en su entorno cotidiano o por medio de TICs.,1,NT 1,211,38,
212,"Describe las características de los textos que explora (imágenes, títulos, formato, palabras conocidas, etc.).",1,NT 1,212,38,
213,"Anticipa el contenido de los textos que explora, a partir de sus imágenes, en contextos cotidianos.",1,NT 1,213,38,
214,Pide que le lean algunas palabras o frases escritas de su entorno.,1,NT 2,214,38,
215,Formula preguntas y comentarios sobre el contenido de textos escritos que observa en su entorno cotidiano o por medio de TICs.,1,NT 2,215,38,
216,"Relaciona las características de los textos que explora con el propósito que tienen (imágenes, títulos, formato, palabras conocidas, etc.).",1,NT 2,216,38,
217,"Anticipa el contenido y propósito de los textos que explora, a partir de la observación de sus claves gráficas (formato, imágenes, etc.), en contextos cotidianos.",1,NT 2,217,38,
218,Responde preguntas que hacen referencia al contenido explícito de un texto escuchado.,1,NT 1,218,39,
219,"Realiza predicciones sobre un texto literario o no literario, a partir de imágenes, antes y durante la presentación de este texto.",1,NT 1,219,39,
220,Relaciona el texto escuchado con sus experiencias previas.,1,NT 1,220,39,
221,"Describe parte del contenido de un texto escuchado (objetos, personas, animales, acciones, tiempo, lugar).",1,NT 1,221,39,
222,"Describe las características (título, silueta, imágenes) de diferentes tipos de textos (receta, cuento, poema, noticias, enciclopedias, diccionarios).",1,NT 1,222,39,
223,Responde preguntas que hacen referencia al contenido explícito e implícito de un texto escuchado.,1,NT 2,223,39,
224,"Realiza predicciones sobre el contenido de un texto literario o no literario, a partir de la portada, el título o la silueta, antes y durante la presentación de este texto.",1,NT 2,224,39,
225,"Narra el relato escuchado a partir del texto, usando sus propias palabras.",1,NT 2,225,39,
226,Explica el contenido o tema central de un texto escuchado.,1,NT 2,226,39,
227,"Explica el propósito de diferentes tipos de textos, según sus características y la información que entregan.",1,NT 2,227,39,
228,"Señala (indica o emite el sonido) algunas letras de su nombre, al verlas escritas en diversos soportes.",1,NT 1,228,40,
229,"Señala (indica o emite el sonido) vocales y algunas consonantes presentadas en diferentes formas (mayúsculas y minúsculas en imprenta) y soportes, al verlas incluidas en palabras significativas.",1,NT 1,229,40,
230,"Señala (indica o nombra) palabras significativas (nombre, apellidos, curso u otras) que distingue a primera vista, en diferentes soportes.",1,NT 1,230,40,
231,"Lee las letras que componen algunas palabras sencillas, en diversos soportes.",1,NT 2,231,40,
232,"Lee vocales y algunas consonantes presentadas en diferentes formas (mayúsculas, minúsculas, imprenta y cursiva) y soportes, al verlas incluidas en palabras.",1,NT 2,232,40,
233,"Lee algunas palabras significativas, asociando los fonemas a los grafemas, en diferentes soportes.",1,NT 2,233,40,
234,"Experimenta realizando trazos simples (rectos y curvos), con materiales variados y en soportes grandes.",1,NT 1,234,41,
235,"Escribe letras aisladas, algunas de ellas asociadas al fonema que quiere representar, en situaciones auténticas.",1,NT 1,235,41,
236,"Escribe algunas palabras significativas; por ejemplo, su nombre o el de familiares, entre otros (con signos propios o convencionales).",1,NT 1,236,41,
237,"Escribe mensajes simples (con signos propios o convencionales), declarando su propósito, en situaciones auténticas.",1,NT 1,237,41,
238,"Experimenta realizando trazos progresivamente más complejos (rectos, curvos y mixtos), en soportes de distintos tamaños y materiales.",1,NT 2,238,41,
239,"Escribe signos y letras asociadas al fonema que quiere representar, en situaciones auténticas.",1,NT 2,239,41,
240,"Escribe algunas palabras significativas con todas las letras que lo componen; por ejemplo, su nombre o el de familiares, entre otros.",1,NT 2,240,41,
241,"Escribe mensajes simples con signos convencionales legibles, declarando su propósito, en situaciones auténticas.",1,NT 2,241,41,
242,Pregunta el significado de palabras que no conoce de la lengua indígena pertinente a la comunidad donde habita.,1,NT 1,242,42,
243,"Repite algunas palabras en la lengua indígena de la comunidad donde habita, a partir de canciones, relatos, poemas, leyendas, entre otros.",1,NT 1,243,42,
244,"Señala (indica o nombra) algunas palabras de uso frecuente de la lengua indígena de la comunidad donde habita (alimentos, instrumentos musicales, hierbas medicinales, animales, elementos de la naturaleza, etc.).",1,NT 1,244,42,
245,Utiliza expresiones de saludo de la lengua indígena pertinente a la comunidad donde habita.,1,NT 2,245,42,
246,Responde de manera verbal o no verbal a un mensaje sencillo en la lengua indígena de la comunidad donde habita.,1,NT 2,246,42,
247,"Utiliza frases u oraciones simples en la lengua indígena de la comunidad donde habita, para comunicar una idea.",1,NT 2,247,42,
248,"Pregunta qué significan algunas palabras de la lengua materna de sus pares, distinta al castellano.",1,NT 1,248,43,
249,"Señala (indica o nombra) el significado de algunas palabras de uso frecuente, de la lengua materna de sus pares, distinta al castellano.",1,NT 1,249,43,
250,"Pregunta qué significan algunas expresiones o mensajes sencillos, de las lenguas maternas de sus pares, distintas al castellano.",1,NT 2,250,43,
251,"Responde de manera no verbal o verbal a un mensaje sencillo expresado en una lengua materna de sus pares, distinta al castellano.",1,NT 2,251,43,
252,"Explora, a sugerencia del adulto, producciones artísticas visuales, musicales o escénicas en diversos contextos en forma directa o a través de TICs.",1,NT 1,252,44,
253,"Responde preguntas sobre características de producciones artísticas visuales, musicales o escénicas que observa en forma directa o a través de TICs.",1,NT 1,253,44,
254,"Describe características visuales (color, forma, textura, diseño, contenido), musicales (ritmo, intensidad, velocidad, timbre, fuente sonora, altura o estilo) o escénicas (desplazamiento, ritmo, carácter expresivo, entre otros) en diversos contextos.",1,NT 1,254,44,
255,Expresa de diferentes formas lo que le agrada o desagrada de una producción artística que explora.,1,NT 1,255,44,
256,"Explora, por interés propio, producciones artísticas visuales, musicales o escénicas de diversos contextos en forma directa o a través de TICs.",1,NT 2,256,44,
257,"Formula preguntas sobre las características de diversas producciones artísticas visuales, musicales o escénicas que observa.",1,NT 2,257,44,
258,"Describe semejanzas y diferencias entre características visuales, musicales o escénicas de producciones artísticas que observa.",1,NT 2,258,44,
259,"Explica sus preferencias al explorar diferentes obras artísticas, considerando criterios como color, forma, ritmo, diseño, etc.",1,NT 2,259,44,
260,"Expresa las emociones, sentimientos y sensaciones de agrado o desagrado al explorar obras artísticas de diversos tipos.",1,NT 2,260,44,
261,Señala (indica o nombra) los aspectos que le agradan o desagradan de diversas obras de arte que explora o crea.,1,NT 1,261,45,
262,"Representa las emociones que le generan diversas obras de arte que explora o crea, utilizando diversos medios expresivos (corporal, musical, visual).",1,NT 1,262,45,
263,Describe lo que imagina al explorar o crear diversas producciones artísticas.,1,NT 1,263,45,
264,Explica los aspectos que le agradan y/o desagradan de diversas producciones artísticas que explora o crea.,1,NT 2,264,45,
265,"Representa y explica las emociones que le generan diversas obras de arte que explora o crea, utilizando diversos medios expresivos (corporal, musical, visual).",1,NT 2,265,45,
266,Explica lo que imagina al explorar o crear diversas obras de arte.,1,NT 2,266,45,
267,Compara sus impresiones de las producciones artísticas observadas con otras conocidas anteriormente.,1,NT 2,267,45,
268,"Repite melodías o canciones, usando su voz, cuerpo, instrumentos musicales u objetos.",1,NT 1,268,46,
269,Utiliza la voz y el cuerpo de manera integrada en canciones y juegos musicales.,1,NT 1,269,46,
270,"Marca el pulso con instrumentos musicales y objetos, en canciones interpretadas por otros.",1,NT 1,270,46,
271,"Se mueve siguiendo la velocidad y altura de canciones de acentuación binaria (por ejemplo, tango, marcha, etc.).",1,NT 1,271,46,
272,"Utiliza la voz, el cuerpo, instrumentos musicales y objetos de manera integrada en canciones y juegos musicales.",1,NT 2,272,46,
273,Improvisa letras a partir de melodías o canciones conocidas.,1,NT 2,273,46,
274,"Marca el pulso y ritmo con instrumentos musicales u objetos, en canciones interpretadas por sí mismo.",1,NT 2,274,46,
275,"Se mueve siguiendo la velocidad y altura de canciones de acentuación ternaria (por ejemplo, vals, minuet, etc.).",1,NT 2,275,46,
276,"Usa gestos, movimientos, posturas, desplazamientos o la voz al imitar diferentes personajes, animales u objetos en escenas dramáticas, juegos teatrales, mímicas y danzas.",1,NT 1,276,47,
277,"Usa gestos, movimientos, posturas, desplazamientos o la voz al imitar sensaciones y emociones en escenas dramáticas, juegos teatrales, mímicas y danzas.",1,NT 1,277,47,
278,"Combina gestos, movimientos, posturas, desplazamientos y la voz para representar diferentes personajes, animales u objetos en escenas dramáticas, juegos teatrales, mímicas y danzas.",1,NT 2,278,47,
279,"Combina gestos, movimientos, posturas, desplazamientos y la voz al representar ideas, sensaciones y emociones en escenas dramáticas, juegos teatrales, mímicas y danzas.",1,NT 2,279,47,
280,"Crea gestos, movimientos, desplazamientos y otros tipos de expresiones corporales a partir de ideas propias o propuestas por relatos, historias, representaciones teatrales, entre otros.",1,NT 2,280,47,
281,"Incorpora líneas, formas, colores y texturas al crear sobre un soporte plano, para representar plásticamente emociones, ideas e intereses.",1,NT 1,281,48,
282,"Incorpora líneas, formas, colores y texturas al crear obras en volumen, para representar plásticamente emociones, ideas e intereses.",1,NT 1,282,48,
283,"Recrea obras de arte basándose en creaciones de artistas de diferentes estilos, utilizando técnicas y materiales diversos.",1,NT 1,283,48,
284,"Combina líneas, formas, colores y texturas en sus creaciones de soporte en plano, para representar plásticamente emociones, ideas e intereses, incorporando detalles personales.",1,NT 2,284,48,
285,"Combina líneas, formas, colores y texturas en sus creaciones de soporte en volumen, para representar plásticamente emociones, ideas e intereses, incorporando algunos detalles personales.",1,NT 2,285,48,
286,"Crea diferentes producciones artísticas, utilizando técnicas o materiales de su agrado y elección, representando sus propios intereses e imaginación.",1,NT 2,286,48,
287,"Combina materiales, técnicas y procedimientos en distintos lenguajes artísticos: visual, corporal o musical.",1,NT 1,287,49,
288,"Nombra los pasos que siguió al combinar materiales, técnicas y procedimientos en distintos lenguajes artísticos (plástica, corporal o musical) en sus creaciones.",1,NT 1,288,49,
289,Verbaliza las causas por las que eligió determinados materiales y técnicas en su producción artística.,1,NT 1,289,49,
290,"Combina materiales, técnicas y procedimientos de dos o más formas de expresión (plástica, corporal o musical) en sus creaciones.",1,NT 2,290,49,
291,Justifica su elección en cuanto a técnicas y materiales usados en su producción artística.,1,NT 2,291,49,
292,"Explica el proceso realizado al combinar dos o más formas de expresión (plástica, corporal o musical) en sus creaciones.",1,NT 2,292,49,
293,"Usa trazos, formas y figuras para dibujar ideas, intereses y experiencias, dando nombre a sus creaciones.",1,NT 1,293,50,
294,"Dibuja figuras humanas simples reconocibles por otros, incluyendo cabeza, tronco y extremidades, en diversos soportes.",1,NT 1,294,50,
295,"Dibuja algunos elementos simples del entorno reconocibles por otros, sin incluir detalles, usando diversos tipos de materiales y soportes.",1,NT 1,295,50,
296,"Recrea elementos simples del entorno a partir de dibujos, respetando parámetros de organización espacial (arriba/abajo).",1,NT 1,296,50,
297,"Combina distintos tipos de trazos, formas y figuras al dibujar ideas, intereses y experiencias, dando nombre a sus creaciones.",1,NT 2,297,50,
298,"Dibuja figuras humanas simples reconocibles por otros, incluyendo detalles como pestañas, cejas, nariz, codos, etc., en diversos soportes.",1,NT 2,298,50,
299,"Dibuja varios elementos del entorno reconocibles por otros, incluyendo detalles como ventanas en las casas, ruedas en los autos, pétalos en las flores, etc.",1,NT 2,299,50,
300,"Recrea elementos del entorno mediante dibujos, respetando parámetros de organización y distribución espacial y de tamaño.",1,NT 2,300,50,
301,"Explora el entorno, observando, manipulando y formulando preguntas sobre los cambios que ocurren en el entorno natural (personas, animales, plantas, lugares y cuerpos celestes).",1,NT 1,301,51,
302,"Describe lo que llama su atención sobre los cambios que ocurren en el entorno natural (personas, animales, plantas, lugares y cuerpos celestes).",1,NT 1,302,51,
303,"Utiliza diversas fuentes y procedimientos para observar, manipular y buscar respuestas a sus preguntas sobre los cambios que ocurren en el entorno natural.",1,NT 2,303,51,
304,Explica por qué le generan interés algunos de los cambios que ocurren en el entorno natural.,1,NT 2,304,51,
305,"Relata situaciones relacionadas con fenómenos naturales, formulando preguntas y comentando lo que ha llamado su atención.",1,NT 1,305,52,
306,Predice las consecuencias de un fenómeno natural que observa o conoce.,1,NT 1,306,52,
307,Predice las causas de algunos fenómenos naturales.,1,NT 2,307,52,
308,"Explica las causas de un fenómeno natural, a partir de lo que ha indagado, observado y experimentado.",1,NT 2,308,52,
309,"Describe características del sol (energía, estrella, fuente de luz y calor, entre otros) y del agua (propiedades, estados, entre otros).",1,NT 1,309,53,
310,"Describe las utilidades y beneficios del agua, la energía solar y la tierra para los seres vivos.",1,NT 1,310,53,
311,"Explica los efectos que tiene en la salud de los seres vivos la falta de agua y energía solar, por medio de TICs.",1,NT 2,311,53,
312,"Asocia las características de la energía solar, del agua y la tierra, con los beneficios para los seres vivos.",1,NT 2,312,53,
313,"Explora objetos y elementos naturales, mencionando las características que llaman su atención.",1,NT 1,313,54,
314,"Describe algunas propiedades, tales como transparencia/opacidad, flexibilidad/rigidez, rugosidad/lisura, de objetos y elementos naturales que explora.",1,NT 1,314,54,
315,"Utiliza vocabulario preciso (transparencia/opacidad, flexibilidad/rigidez, rugosidad/lisura) para describir semejanzas y diferencias de algunos objetos y elementos naturales.",1,NT 2,315,54,
316,Explica la relación entre las propiedades de los objetos y elementos naturales con los posibles usos que pueden tener.,1,NT 2,316,54,
317,"Plantea conjeturas sobre los cambios o efectos que se podrían producir al aplicar fuerza, calor o agua sobre algunos materiales, en situaciones cotidianas y de experimentación.",1,NT 1,317,55,
318,"Aplica fuerza o agua en los materiales, describiendo lo que llama su atención, en situaciones cotidianas y de experimentación.",1,NT 1,318,55,
319,"Compara el estado de los materiales antes y después de aplicar fuerza, calor y agua, en situaciones cotidianas y de experimentación.",1,NT 2,319,55,
320,"Describe lo que ocurre en distintos materiales, al aplicar un mismo factor (fuerza, calor o agua), en situaciones cotidianas y de experimentación.",1,NT 2,320,55,
321,"Describe características (reproducción, cubierta, desplazamiento, tamaño, morfología), necesidades básicas (alimentación y abrigo) y los lugares que habitan algunos animales.",1,NT 1,321,56,
322,"Describe características (morfología, reproducción), necesidades básicas (alimentación, nivel de exposición al sol) y los lugares que habitan algunas plantas.",1,NT 1,322,56,
323,"Describe semejanzas y diferencias entre plantas y animales según sus características, necesidades de alimentación y hábitat.",1,NT 1,323,56,
324,Explica la relación entre las características de algunos animales y su hábitat.,1,NT 2,324,56,
325,"Explica las funciones que pueden cumplir algunas plantas (medicinales, alimentos, ornamentales).",1,NT 2,325,56,
326,Plantea conjeturas sobre las necesidades básicas que son comunes a todos los seres vivos.,1,NT 2,326,56,
327,"Nombra algunas características de personas, animales y plantas en diferentes etapas de su proceso de crecimiento.",1,NT 1,327,57,
328,"Describe los cambios que ocurren en el proceso de crecimiento de personas, animales y plantas que observa.",1,NT 1,328,57,
329,"Compara el proceso de crecimiento de personas, animales y plantas.",1,NT 2,329,57,
330,"Compara algunas características de personas, animales y plantas que crecen en distintos contextos (condiciones climáticas, niveles de contaminación, fuentes de alimentación u otras).",1,NT 2,330,57,
331,"Describe algunas acciones que contribuyen al cuidado de ambientes sostenibles, como las 3R (reciclar, reducir y reutilizar).",1,NT 1,331,58,
332,"Realiza, por sugerencia de otros, acciones que contribuyen al cuidado del entorno natural de su comunidad.",1,NT 1,332,58,
333,"Explica los beneficios que tiene para el medio ambiente, realizar acciones como reciclar, reducir y reutilizar.",1,NT 2,333,58,
334,"Realiza de manera progresivamente autónoma, acciones que contribuyen al cuidado del entorno natural de su comunidad, tales como botar la basura en el contenedor que corresponda, recoger basura que encuentra en la sala o patio, cerrar las llaves del agua abiertas por sí mismo o por otros, etc.",1,NT 2,334,58,
335,"Representa (dibuja, dramatiza, fotografía, modela, entre otros) los hallazgos obtenidos y los instrumentos que utilizó al explorar el entorno.",1,NT 1,335,59,
336,"Describe la forma en que utilizó los instrumentos y herramientas al explorar, de manera respetuosa, el entorno natural.",1,NT 1,336,59,
337,Describe el proceso realizado y los hallazgos obtenidos durante su exploración.,1,NT 2,337,59,
338,"Representa gráficamente (mapas conceptuales, dibujos, tablas, fotografías u otros) los hallazgos obtenidos, explicando el proceso realizado.",1,NT 2,338,59,
339,"Explica la relación entre los procesos de observación realizados, comparando los hallazgos obtenidos con los de sus pares, en función de formas de explorar, instrumentos utilizados u otros.",1,NT 2,339,59,
340,"Describe los cambios observados al combinar diversos elementos que se mezclan o disuelven, en situaciones de experimentación.",1,NT 1,340,60,
341,"Explora mezclas y disoluciones, describiendo semejanzas y diferencias entre ellas.",1,NT 1,341,60,
342,Anticipa los resultados que podría obtener al combinar dos elementos en situaciones de experimentación directa.,1,NT 2,342,60,
343,"Explica las posibles causas de ciertos resultados obtenidos, al experimentar directamente o indagar en fuentes de consulta.",1,NT 2,343,60,
344,Describe semejanzas y diferencias entre un ambiente saludable y un ambiente contaminado.,1,NT 1,344,61,
345,"Describe acciones que promueven ambientes saludables, como hacer turnos para regar el huerto o reciclar.",1,NT 1,345,61,
346,Explica los efectos que tiene para su salud vivir en ambientes libres de contaminación o contaminados.,1,NT 2,346,61,
347,Explica la relación entre las condiciones ambientales y la salud de las personas.,1,NT 2,347,61,
348,Señala (indica o nombra) acciones a través de las cuales el ser humano ha intervenido en el entorno natural.,1,NT 1,348,62,
349,Describe las características de algunos recursos renovables y no renovables.,1,NT 1,349,62,
350,Describe acciones del ser humano que deterioran el entorno natural.,1,NT 1,350,62,
351,Compara los efectos que tiene utilizar algunos recursos renovables y no renovables en el entorno natural.,1,NT 2,351,62,
352,Explica cómo afectan las acciones de las personas al desarrollo de ambientes contaminados o sostenibles.,1,NT 2,352,62,
353,"Señala (indica o nombra) el rol que tiene cada integrante de su familia, tales como: padre, madre, abuela/o, hermana/o, etc.",1,NT 1,353,63,
354,"Describe las actividades que realiza cada miembro de su familia y su aporte para el bienestar familiar, señalando el rol de cada uno.",1,NT 1,354,63,
355,Describe el trabajo y el aporte que realizan diferentes personas de su comunidad.,1,NT 1,355,63,
356,Describe semejanzas y diferencias entre los principales roles que tiene cada integrante de su familia.,1,NT 2,356,63,
357,Describe semejanzas y diferencias entre diferentes trabajos y actividades de personas significativas de su familia y comunidad.,1,NT 2,357,63,
358,"Explica los diferentes roles que puede cumplir una persona en la sociedad, considerando roles familiares y comunitarios.",1,NT 2,358,63,
359,"Describe características de viviendas, paisajes y costumbres (danzas, fiestas, comida y artesanía) de otras comunidades cercanas a su localidad.",1,NT 1,359,64,
360,"Describe características de viviendas, paisajes y costumbres (danzas, fiestas, comida y artesanía) de otras comunidades del país.",1,NT 1,360,64,
361,"Describe semejanzas y diferencias entre las viviendas, paisajes o costumbres (danzas, fiestas, comida y artesanía) de su localidad y otras del país.",1,NT 1,361,64,
362,"Describe características de viviendas, paisajes y las costumbres (danzas, fiestas, comida y artesanía) de otras comunidades del mundo.",1,NT 2,362,64,
363,"Describe semejanzas y diferencias entre las viviendas, paisajes o las costumbres (danzas, fiestas, comida y artesanía) de su comunidad y otras del mundo.",1,NT 2,363,64,
364,"Describe diferencias y similitudes al comparar costumbres cotidianas del pasado y el presente a través de relatos, documentación gráfica o audiovisual.",1,NT 2,364,64,
365,"Describe las características de diseño, funcionamiento y la utilidad que prestan algunos objetos tecnológicos.",1,NT 1,365,65,
366,Describe las precauciones que debe tener para usar algunos objetos tecnológicos de manera segura.,1,NT 1,366,65,
367,Explica los beneficios del uso de algunos objetos tecnológicos.,1,NT 1,367,65,
368,"Describe semejanzas y diferencias entre objetos que cumplen una misma función o utilidad, identificando el más apropiado en una situación determinada.",1,NT 2,368,65,
369,"Usa algunos objetos tecnológicos para resolver problemas cotidianos, fundamentando el porqué de su elección y tomando los resguardos necesarios.",1,NT 2,369,65,
370,Explica cuál es el impacto (positivo o negativo) que tiene un determinado objeto tecnológico en las personas y el entorno.,1,NT 2,370,65,
371,"Describe características de algunas creaciones e inventos, explicando para qué sirven.",1,NT 1,371,66,
372,"Compara la forma de vida de las personas en el pasado y en el presente, a partir de la creación de algunos inventos.",1,NT 1,372,66,
373,Plantea conjeturas sobre cómo afectaría su vida si no existieran algunas creaciones e inventos.,1,NT 2,373,66,
374,Describe las necesidades y situaciones que cree motivaron la creación de ciertos inventos.,1,NT 2,374,66,
375,"Describe algunos hechos significativos de su localidad, tales como celebraciones religiosas o populares, a partir de recursos como fotografías, videos, utensilios u objetos representativos.",1,NT 1,375,67,
376,"Representa a través de distintos lenguajes artísticos (dramatiza, dibuja, modela) algunos hechos significativos de su localidad.",1,NT 1,376,67,
377,"Describe algunos hechos significativos de su localidad y país, utilizando recursos como fotografías, videos, utensilios u objetos representativos.",1,NT 2,377,67,
378,"Representa (dramatiza, dibuja, modela) algunos hechos significativos de su localidad y país.",1,NT 2,378,67,
379,"Explica por qué se conmemoran algunos hechos significativos de su localidad y país, utilizando recursos como fotografías, videos, utensilios u objetos representativos.",1,NT 2,379,67,
380,"Nombra algunos elementos del patrimonio cultural material de su localidad, explicando su importancia.",1,NT 1,380,68,
381,Describe algunas acciones que se realizan en su localidad para proteger el patrimonio cultural material.,1,NT 1,381,68,
382,"Describe costumbres y tradiciones de su comunidad local o barrio, explicando la importancia que tienen.",1,NT 2,382,68,
383,Explica por qué es importante cuidar el patrimonio y las acciones que se pueden hacer para protegerlo.,1,NT 2,383,68,
384,"Describe el servicio que cumplen algunas instituciones, organizaciones, lugares y obras de interés patrimonial que forman parte de su localidad.",1,NT 1,384,69,
385,"Explica la importancia que tienen algunas instituciones, organizaciones, lugares y obras de interés patrimonial para el bienestar de su localidad.",1,NT 1,385,69,
386,Explica cómo algunos lugares de su localidad representan espacios de encuentro de la comunidad.,1,NT 2,386,69,
387,"Describe el servicio que cumplen algunas instituciones, organizaciones, lugares y obras de interés patrimonial que forman parte del país y del mundo.",1,NT 2,387,69,
388,"Explica la importancia de algunas instituciones, organizaciones, lugares y obras de interés patrimonial del país y del mundo para el bienestar de las personas.",1,NT 2,388,69,
389,Describe lo que llama su atención sobre el aporte de algunas personas relevantes o personajes típicos de su comunidad.,1,NT 1,389,70,
390,Relata hechos significativos de la vida de algunas personas que han realizado aportes en su localidad.,1,NT 1,390,70,
391,"Describe los aportes que han realizado algunas personas del país y el mundo en áreas como artes visuales, música, literatura, ciencia, deporte, política, entre otras.",1,NT 2,391,70,
392,"Relata hechos significativos de la vida de algunas personas que han realizado aportes en su comunidad, país y el mundo.",1,NT 2,392,70,
393,"Describe las características (utilidad, elementos que lo componen, entre otros) de algunas fuentes, instrumentos y tecnologías de la información y comunicación presentes en su entorno.",1,NT 1,393,71,
394,"Usa algunas fuentes, instrumentos y tecnologías de la información y comunicación para completar sus juegos y proyectos, ante la sugerencia y supervisión del adulto.",1,NT 1,394,71,
395,"Describe semejanzas y diferencias entre fuentes, instrumentos y tecnologías de la información y comunicación que cumplen una misma función o utilidad, identificando el más apropiado en una situación determinada.",1,NT 2,395,71,
396,"Selecciona y usa fuentes, instrumentos y tecnologías de la información y comunicación que le permiten completar sus proyectos y juegos, con la supervisión de un adulto.",1,NT 2,396,71,
397,"Describe acciones que debe realizar para seguir las normas de protección y seguridad ante incendios, inundaciones, sismos u otros eventos, determinadas en su establecimiento.",1,NT 1,397,72,
398,Explica el significado de algunas señaléticas de su establecimiento y entorno más cercano.,1,NT 1,398,72,
399,Describe las acciones que debe realizar para cumplir las normas de tránsito pertinentes a su entorno cercano.,1,NT 1,399,72,
400,Explica la importancia de respetar las normas de protección y seguridad para el bienestar de su comunidad.,1,NT 2,400,72,
401,"Explica el significado de algunas señaléticas universales, que puede encontrar en otros contextos geográficos.",1,NT 2,401,72,
402,"Respeta normas de protección y seguridad determinadas en su establecimiento, por iniciativa propia.",1,NT 2,402,72,
403,"Señala (indica y nombra) lugares representativos de su entorno natural cercano (como bosques, volcanes, montañas, ríos, lagos, entre otros) al observarlos en maquetas, fotografías aéreas, dibujos o planos.",1,NT 1,403,73,
404,"Describe características de elementos naturales de su entorno cercano (como vegetación, agua, suelo, relieve, entre otros) al observarlas en dibujos, maquetas, fotografías aéreas o planos.",1,NT 1,404,73,
405,"Señala (indica y nombra) lugares representativos de su localidad creados por el hombre (como iglesias, puentes, villas, entre otros) al observarlos en maquetas, fotografías aéreas, dibujos o planos, describiendo sus características.",1,NT 2,405,73,
406,"Señala (indica y nombra) lugares del entorno natural de diferentes zonas del país (como bosques, volcanes, montañas, ríos, lagos, entre otros) al observarlos en maquetas, fotografías aéreas, dibujos o planos, describiendo sus características.",1,NT 2,406,73,
407,"Explica la utilidad que tienen diferentes formas de representación geográfica (como maquetas, fotografías aéreas, dibujos y planos), determinando cuál es más útil en determinados momentos.",1,NT 2,407,73,
408,"Señala (indica o nombra) el patrón en una serie de movimientos, gestos, sonidos, de material concreto o pictórico.",1,NT 1,408,74,
409,"Extiende patrones de movimientos, gestos, sonidos, de material concreto o pictórico, de dos o tres elementos.",1,NT 1,409,74,
410,"Anticipa el elemento que continúa en un patrón, incluyendo el movimiento, gesto, sonido, material concreto o pictórico que falta en una serie de dos o tres elementos.",1,NT 1,410,74,
411,"Elimina el elemento que no corresponde en un patrón de movimientos, gestos, sonidos, de material concreto o pictórico, de dos o tres elementos.",1,NT 1,411,74,
412,"Crea un patrón de dos o más elementos, usando movimientos corporales, gestos, sonidos y material concreto.",1,NT 1,412,74,
413,"Señala (indica o nombra) el patrón en una serie de movimientos, gestos, sonidos, de material concreto, pictórico y simbólico.",1,NT 2,413,74,
414,"Extiende patrones de movimientos, gestos, sonidos, de material concreto, pictórico y simbólico de dos o tres elementos.",1,NT 2,414,74,
415,"Anticipa el elemento que continúa en un patrón, incluyendo el movimiento, gesto, sonido, material concreto, pictórico y simbólico que falta en una serie de dos o tres elementos.",1,NT 2,415,74,
416,"Crea un patrón de tres elementos o más, usando movimientos corporales, gestos, sonidos, material concreto, pictórico y simbólico.",1,NT 2,416,74,
417,"Transfiere un patrón de material concreto a uno pictórico, de dos o tres elementos.",1,NT 2,417,74,
418,"Describe atributos de objetos, tales como forma, color, tamaño, función, masa o materialidad, entre otros.",1,NT 1,418,75,
419,"Describe algunas semejanzas y diferencias al comparar objetos, considerando dos atributos a la vez.",1,NT 1,419,75,
420,"Agrupa elementos por dos atributos que tienen en común (como forma, color, tamaño, función, masa o materialidad, entre otros), usando material concreto o pictórico.",1,NT 1,420,75,
421,Nombra los atributos que usó al clasificar elementos.,1,NT 1,421,75,
422,"Ordena una serie, por ensayo y error, según longitud o capacidad para contener, usando material concreto o pictórico.",1,NT 1,422,75,
423,"Describe algunas semejanzas y diferencias al comparar objetos, considerando tres atributos a la vez.",1,NT 2,423,75,
424,"Agrupa elementos por tres atributos que tienen en común (como forma, color, tamaño, función, masa o materialidad, entre otros), usando material concreto y pictórico.",1,NT 2,424,75,
425,"Nombra los criterios que usó al clasificar elementos, por tres atributos a la vez, usando material concreto y pictórico.",1,NT 2,425,75,
426,"Ordena una serie sistemática, según longitud o capacidad para contener, usando material concreto y pictórico.",1,NT 2,426,75,
427,"Incluye elementos dentro de una serie ordenada según longitud o capacidad para contener, usando material concreto y pictórico.",1,NT 2,427,75,
428,"Señala (indica o nombra) la posición de objetos y personas respecto de sí mismo, utilizando un concepto de ubicación (dentro/fuera; encima/debajo/entre; al frente de/detrás de), distancia (cerca/lejos) y dirección (adelante/atrás/hacia el lado), en situaciones cotidianas y lúdicas.",1,NT 1,428,76,
429,"Utiliza al menos un concepto de posición, distancia o dirección, respecto de sí mismo, al describir, ubicarse o manipular objetos, en situaciones cotidianas y lúdicas.",1,NT 1,429,76,
430,"Señala (indica o nombra) la posición de objetos y personas respecto de un punto de referencia (distinto de sí mismo), en situaciones cotidianas y lúdicas.",1,NT 2,430,76,
431,"Utiliza dos o más conceptos de ubicación (dentro/fuera; encima/debajo/entre; al frente de/detrás de), distancia (cerca/lejos) y dirección (adelante/atrás/hacia el lado), al describir la posición de objetos y personas respecto de un punto u objeto de referencia.",1,NT 2,431,76,
432,"Estima en qué grupo hay “más”, “menos” o “igual cantidad de elementos”, al observarlos.",1,NT 1,432,77,
433,"Cuenta elementos para determinar en qué grupo hay “más”, “menos” o “igual cantidad” de objetos, en situaciones cotidianas.",1,NT 1,433,77,
434,"Usa elementos concretos para representar un grupo con “más”, “menos” o “igual cantidad de elementos” que otro, en situaciones cotidianas.",1,NT 1,434,77,
435,"Utiliza la expresión “más que”, “menos que”, “igual que” al comparar la cantidad de dos grupos de elementos concretos.",1,NT 1,435,77,
436,"Cuenta elementos para determinar en qué grupo hay “más”, “menos” o “igual cantidad” de objetos o imágenes, en situaciones cotidianas.",1,NT 2,436,77,
437,"Usa elementos concretos y pictóricos para representar un grupo con “más”, “menos” o “igual cantidad de elementos” que otro, en situaciones cotidianas.",1,NT 2,437,77,
438,"Utiliza la expresión “más que”, “menos que”, “igual que” al comparar la cantidad de dos o más grupos de elementos concretos y pictóricos.",1,NT 2,438,77,
439,"Señala (indica o nombra) nociones de secuencia (antes/ahora/después/al mismo tiempo, día/noche), en situaciones cotidianas.",1,NT 1,439,78,
440,Ordena secuencias temporales de tres escenas o situaciones.,1,NT 1,440,78,
441,Determina la frecuencia de acciones cotidianas usando conceptos como siempre/a veces/nunca.,1,NT 1,441,78,
442,Ordena secuencias temporales de cuatro o más escenas o situaciones.,1,NT 2,442,78,
443,Determina la duración de dos o más acciones o situaciones al compararlas.,1,NT 2,443,78,
444,"Utiliza conceptos de secuencia (antes/ahora/después/al mismo tiempo, día/noche), frecuencia (siempre/a veces/nunca) y duración (larga/corta), al describir situaciones cotidianas.",1,NT 2,444,78,
445,Dice los números en orden desde el 1 hasta el 20 en situaciones cotidianas o juegos.,1,NT 1,445,79,
446,Cuenta de 1 en 1 hasta el 20 en situaciones cotidianas o juegos.,1,NT 1,446,79,
447,"Cuenta elementos concretos (entre 1 y 20) determinando la cantidad, en situaciones cotidianas o juegos.",1,NT 1,447,79,
448,"Lee algunos números hasta el 20, en situaciones cotidianas o juegos.",1,NT 1,448,79,
449,Señala (indica o nombra) el orden o posición en que se encuentra un elemento concreto en una serie (1° al 5°).,1,NT 1,449,79,
450,"Indica cuál grupo tiene más, menos o la misma cantidad, al contar hasta 20 elementos concretos, en situaciones cotidianas o juegos.",1,NT 1,450,79,
451,Ordena numerales desde el 1 hasta el 20 en situaciones cotidianas o juegos.,1,NT 1,451,79,
452,"Dice los números en orden desde el 1 hasta el 20 y viceversa, en situaciones cotidianas o juegos.",1,NT 2,452,79,
453,"Cuenta de 1 en 1, desde el 1 hasta el 20 y viceversa, en situaciones cotidianas o juegos.",1,NT 2,453,79,
454,"Cuenta de 2 en 2, desde el 1 hasta el 20, en situaciones cotidianas o juegos.",1,NT 2,454,79,
455,"Cuenta elementos concretos o imágenes (entre 1 y 20) determinando la cantidad, en situaciones cotidianas o juegos.",1,NT 2,455,79,
456,"Lee números hasta el 20, en situaciones cotidianas o juegos.",1,NT 2,456,79,
457,"Indica cuál grupo tiene más, menos o la misma cantidad, al contar hasta 20 elementos concretos y pictóricos, en situaciones cotidianas o juegos.",1,NT 2,457,79,
458,"Usa los números ordinales (al menos hasta el 5°) para describir situaciones concretas y pictóricas, que implican orden o posición.",1,NT 2,458,79,
459,"Cuenta a partir de un número dado, hasta el 20, en situaciones cotidianas o juegos.",1,NT 2,459,79,
460,"Ordena numerales desde el 1 hasta el 20 y viceversa, en situaciones cotidianas o juegos.",1,NT 2,460,79,
461,"Incluye (nombra, indica o escribe) el numeral que falta en una secuencia numérica, entre 1 y 20, en situaciones cotidianas o juegos.",1,NT 2,461,79,
462,"Dispone la cantidad de elementos que indica un número, hasta el 10.",1,NT 1,462,80,
463,"Dibuja la cantidad de elementos que indica un número, hasta el 10.",1,NT 1,463,80,
464,"Compone y descompone números hasta el 10, a partir de material concreto.",1,NT 1,464,80,
465,"Utiliza grafismos simples (círculos, cruces, entre otras) para representar cantidades hasta el 10.",1,NT 2,465,80,
466,"Escribe el número que corresponde a una cantidad, hasta 10, en situaciones lúdicas.",1,NT 2,466,80,
467,"Compone y descompone números hasta el 10, a partir de material concreto y pictórico.",1,NT 2,467,80,
468,Nombra o señala la acción (agregar o quitar) que tiene que usar para resolver un problema de la vida cotidiana.,1,NT 1,468,81,
469,"Utiliza material concreto para resolver un problema de adición (agregando elementos), describiendo el procedimiento empleado.",1,NT 1,469,81,
470,"Utiliza material concreto para resolver un problema de sustracción (quitando elementos), describiendo el procedimiento empleado.",1,NT 1,470,81,
471,Menciona el resultado al agregar o quitar elementos a un conjunto en un ámbito numérico menor a 10.,1,NT 1,471,81,
472,Describe la acción (agregar o quitar) que tiene que usar para resolver un problema de la vida cotidiana.,1,NT 2,472,81,
473,"Crea problemas simples de adición o sustracción en el ámbito numérico hasta 10, a través de material concreto o pictórico, verbalizando las estrategias que usará para resolverlos.",1,NT 2,473,81,
474,"Utiliza material concreto y pictórico para resolver un problema de adición (agregando elementos), describiendo el procedimiento empleado.",1,NT 2,474,81,
475,"Utiliza material concreto y pictórico para resolver un problema de sustracción (quitando o tachando elementos), describiendo el procedimiento empleado.",1,NT 2,475,81,
476,"Menciona o representa el resultado al agregar o quitar elementos concretos y pictóricos a un conjunto en un ámbito numérico de 10, explicando el procedimiento empleado.",1,NT 2,476,81,
477,"Describe lo que ve de un objeto al observarlo desde arriba, desde el lado y desde abajo, en situaciones concretas.",1,NT 1,477,82,
478,"Dibuja lo que ve de un objeto al observarlo desde arriba, del lado y desde abajo.",1,NT 1,478,82,
479,"Nombra o señala lo que podría ver de un objeto al observarlo desde arriba, desde el lado y desde abajo, en situaciones concretas.",1,NT 2,479,82,
480,"Nombra o señala la posición desde la que cree que se observa un objeto (desde arriba, del lado y desde abajo) representado a través de dibujos, fotografías o TICs.",1,NT 2,480,82,
481,"Dibuja un objeto desde arriba, del lado y desde abajo, observado en dibujos, fotografías o TICs, comparando lo que ve.",1,NT 2,481,82,
482,"Señala (indica o nombra) figuras 2D y 3D, que observa en forma directa.",1,NT 1,482,83,
483,"Nombra atributos (forma, cantidad de lados, caras) de figuras 2D y 3D, que observa en forma directa.",1,NT 1,483,83,
484,"Dibuja figuras 2D, que observa en forma directa.",1,NT 1,484,83,
485,"Relaciona figuras 3D con elementos de su entorno, que observa en forma directa.",1,NT 1,485,83,
486,"Describe figuras 2D y 3D, considerando sus atributos (forma, cantidad de lados, vértices, caras), al observarlas en forma directa o a través de TIC.",1,NT 2,486,83,
487,"Compara figuras 2D y 3D, que observa en forma directa o a través de TIC.",1,NT 2,487,83,
488,"Dibuja figuras 2D y construye o modela figuras 3D, que observa en forma directa o a través de TIC.",1,NT 2,488,83,
489,"Relaciona figuras 2D con partes de una figura 3D, que observa en forma directa o a través de TIC.",1,NT 2,489,83,
490,"Utiliza partes del cuerpo como unidad de medida no estandarizada, para determinar la longitud de un objeto (alto/bajo, largo/corto, ancho/angosto), en situaciones lúdicas o actividades cotidianas.",1,NT 1,490,84,
491,"Registra a través de dibujos o grafismos simples, la longitud de un objeto definida a partir de partes del cuerpo como unidad de medida no estandarizada.",1,NT 1,491,84,
492,"Utiliza partes del cuerpo como unidad de medida no estandarizada, para comparar la longitud de dos objetos y determinar qué objeto es más alto/bajo, largo/corto, ancho/angosto, en situaciones lúdicas o actividades cotidianas.",1,NT 1,492,84,
493,"Utiliza material concreto (lápices o palos de helado) como unidad de medida no estandarizada, para determinar la longitud de un objeto (alto/bajo, largo/corto, ancho/angosto), en situaciones lúdicas o actividades cotidianas.",1,NT 2,493,84,
494,"Registra a través de dibujos, grafismos simples y números, la longitud de un objeto definida a partir del uso de material concreto como unidad de medida no estandarizada.",1,NT 2,494,84,
495,"Utiliza material concreto (lápices o palos de helado) como unidad de medida no estandarizada, para comparar la longitud de dos objetos y determinar qué objeto es más alto/bajo, largo/corto, ancho/angosto, en situaciones lúdicas o actividades cotidianas.",1,NT 2,495,84,
496,"Menciona o representa el problema concreto al que se enfrenta, en situaciones cotidianas.",1,NT 1,496,85,
497,"Responde preguntas sobre un problema concreto al que se enfrenta, en situaciones cotidianas.",1,NT 1,497,85,
498,"Propone acciones que pueden apoyar la resolución de un problema concreto al que se enfrenta, en situaciones cotidianas.",1,NT 1,498,85,
499,"Representa (nombra o dibuja) la solución de un problema al que se enfrenta, describiendo las acciones que realiza para resolverlo.",1,NT 1,499,85,
500,"Describe o representa el problema al que se enfrenta, en situaciones cotidianas.",1,NT 2,500,85,
501,"Formula preguntas, para recoger información que le permita resolver un problema al que se enfrenta, en situaciones cotidianas.",1,NT 2,501,85,
502,"Propone diversas estrategias para resolver un problema, en situaciones cotidianas.",1,NT 2,502,85,
503,"Representa (nombra, dibuja o registra en tablas o gráficos) la solución de un problema al que se enfrenta, explicando por qué ciertas acciones favorecieron o dificultaron el proceso.",1,NT 2,503,85,